No,Page URL,Catagory Tree,Brand Name,Product Name,Description,Listed Price,Discounted Price,Off,Save,Offer,SKU,Manufacturer Number
1,https://www.jarir.com/sa-en/astro-a30-headsets-595893.html,Sony PS5 Accessories>Astro A30 Gaming Headset,Astro,Astro A30 Gaming Headset,Bluetooth/Wireless| USB (Charging)| Detachable Microphone| White,999,739,26%,260,,595893,939001994
2,https://www.jarir.com/sa-en/astro-a30-headsets-595892.html,Sony PS5 Accessories>Astro A30 Gaming Headset,Astro,Astro A30 Gaming Headset,Bluetooth/Wireless| USB (Charging)| Detachable Microphone| Navy,999,739,26%,260,,595892,939002008
3,https://www.jarir.com/sa-en/logitech-pro-x2-headsets-620392.html,Sony PS5 Accessories>Logitech G PRO X 2 LIGHTSPEED Gaming Headset,Logitech,Logitech G PRO X 2 LIGHTSPEED Gaming Headset,Wireless| USB| Detachable Microphone| Black,1159,899,22%,260,,620392,981001263
4,https://www.jarir.com/sa-en/logitech-pro-x2-headsets-620393.html,Sony PS5 Accessories>Logitech G Pro X2 LIGHTSPEED Gaming Headset,Logitech,Logitech G Pro X2 LIGHTSPEED Gaming Headset,Wireless| USB| Detachable Microphone| White,1159,899,22%,260,,620393,981001269
5,https://www.jarir.com/sa-en/corsair-hs80-headsets-595709.html,Sony PS5 Accessories>CORSAIR HS80 RGB Wired Gaming Headset,CORSAIR,CORSAIR HS80 RGB Wired Gaming Headset,Wired| USB| Rotating Microphone| Carbon,515,299,41%,216,,595709,CA9011237EU
6,https://www.jarir.com/sa-en/astro-a50-x-headsets-632431.html,Sony PS5 Accessories>Astro A50 X LIGHTSPEED + Base Station Gaming Headset,Astro,Astro A50 X LIGHTSPEED + Base Station Gaming Headset,Noise Reduction| Bluetooth/Wireless| USB-C| Omnidirectional Microphone| Black,1799,1599,11%,200,,632431,939002128
7,https://www.jarir.com/sa-en/astro-a50-x-headsets-632432.html,Sony PS5 Accessories>Astro A50 X LIGHTSPEED + Base Station Gaming Headset,Astro,Astro A50 X LIGHTSPEED + Base Station Gaming Headset,Noise Reduction| Bluetooth/Wireless| USB-C| Omnidirectional Microphone| White,1799,1599,11%,200,,632432,939002134
8,https://www.jarir.com/sa-en/razer-kaira-headsets-621783.html,Sony PS5 Accessories>Razer Kaira HyperSpeed PlayStation Licensed Gaming Headset,Razer,Razer Kaira HyperSpeed PlayStation Licensed Gaming Headset,Passive Noise Isolation| Wireless| USB (Charging)| Unidirectional Microphone| White,619,419,32%,200,,621783,403980200R3G1
9,https://www.jarir.com/sa-en/logitech-g-pro-x-headsets-536889.html,PC Gaming Headset & Speakers>Logitech G Pro X Gaming Headset,Logitech,Logitech G Pro X Gaming Headset,Wired| USB| Detachable Microphone| Black,629,449,28%,180,,536889,981000818
10,https://www.jarir.com/sa-en/logitech-headsets-565662.html,PC Gaming Headset & Speakers>Logitech G733 LIGHTSPEED Gaming Headset,Logitech,Logitech G733 LIGHTSPEED Gaming Headset,Wireless| USB| Detachable Microphone| White,679,499,26%,180,,565662,981000883
11,https://www.jarir.com/sa-en/logitech-pro-x-headsets-550129.html,PC Gaming Headset & Speakers>Logitech G Pro X LIGHTSPEED Gaming Headset,Logitech,Logitech G Pro X LIGHTSPEED Gaming Headset,Wireless| USB| Bidirectional Microphone| Black,799,619,22%,180,,550129,981000907
12,https://www.jarir.com/sa-en/logitech-headsets-565661.html,PC Gaming Headset & Speakers>Logitech G733 LIGHTSPEED Gaming Headset,Logitech,Logitech G733 LIGHTSPEED Gaming Headset,Wireless| USB| Detachable Microphone| Black,679,499,26%,180,,565661,981000864
13,https://www.jarir.com/sa-en/astro-headsets-580571.html,Sony PS5 Accessories>Astro A10 Gaming Headset,Astro,Astro A10 Gaming Headset,Wired| 3.5 mm Connector| Rotating Microphone| Salvage Black,349,199,42%,150,,580571,939002057
14,https://www.jarir.com/sa-en/logitech-headsets-525735.html,PC Gaming Headset & Speakers>Logitech G432 Gaming Headset,Logitech,Logitech G432 Gaming Headset,Wired| USB| Cardioid - Unidirectional Microphone| Black,349,199,42%,150,,525735,981000770
15,https://www.jarir.com/sa-en/astro-headsets-580575.html,PC Gaming Headset & Speakers>Astro A10 Gaming Headset,Astro,Astro A10 Gaming Headset,Wired| 3.5 mm Connector| Rotating Microphone| Ozone Grey,349,199,42%,150,,580575,939002071
16,https://www.jarir.com/sa-en/astro-headsets-580572.html,Sony PS5 Accessories>Astro A10 Gaming Headset,Astro,Astro A10 Gaming Headset,Wired| 3.5 mm Connector| Rotating Microphone| Challenger White,349,199,42%,150,,580572,939002064
17,https://www.jarir.com/sa-en/astro-headsets-580573.html,Xbox Accessories>Astro A10 Gaming Headset,Astro,Astro A10 Gaming Headset,Wired| 3.5 mm Connector| Rotating Microphone| Salvage Black,349,199,42%,150,,580573,939002047
18,https://www.jarir.com/sa-en/logitech-headsets-573345.html,Sony PS5 Accessories>Logitech G435 LIGHTSPEED Gaming Headset,Logitech,Logitech G435 LIGHTSPEED Gaming Headset,Wireless| USB (Charging)| Built-in Microphone| Off-White/Lilac,399,249,37%,150,,573345,981001074
19,https://www.jarir.com/sa-en/corsair-hs55-7-1-surround-headsets-623467.html,PC Gaming Headset & Speakers>CORSAIR HS55 7.1 Surround Gaming Headset,CORSAIR,CORSAIR HS55 7.1 Surround Gaming Headset,Wireless| USB (Charging)| Rotating Microphone| Carbon,569,439,22%,130,,623467,CA9011280EU
20,https://www.jarir.com/sa-en/sony-inzone-h9-headsets-593236.html,Sony PS5 Accessories>Sony INZONE H9 Gaming Headset,Sony,Sony INZONE H9 Gaming Headset,Active Noise Cancelling| Wireless| USB (Charging)| Unidirectional Microphone| White/Black,999,899,10%,100,,593236,WHG900N
21,https://www.jarir.com/sa-en/logitech-g535-headsets-587693.html,PC Gaming Headset & Speakers>Logitech G535 LIGHTSPEED Gaming Headset,Logitech,Logitech G535 LIGHTSPEED Gaming Headset,Wireless| USB (Charging)| Rotating Microphone| Black,449,349,22%,100,,587693,981000972
22,https://www.jarir.com/sa-en/sony-inzone-h9-headsets-627913.html,Sony PS5 Accessories>Sony INZONE H9 Gaming Headset,Sony,Sony INZONE H9 Gaming Headset,Active Noise Cancelling| Wireless| USB (Charging)| Bidirectional Microphone| Black,999,899,10%,100,,627913,WHG900NB
23,https://www.jarir.com/sa-en/logitech-headsets-567988.html,Sony PS5 Accessories>Logitech G335 Gaming Headset,Logitech,Logitech G335 Gaming Headset,Wired| 3.5 mm Connector| Rotating Cardioid Microphone| Black,299,199,33%,100,,567988,981000978
24,https://www.jarir.com/sa-en/turtle-beach-headsets-643254.html,PC Gaming Headset & Speakers>Turtle Beach Stealth 600 Gen 3 Gaming Headset,Turtle Beach,Turtle Beach Stealth 600 Gen 3 Gaming Headset,AI-Based Noise Reduction| Bluetooth/Wireless| USB (Charging)| Black,469,379,19%,90,,643254,031023
25,https://www.jarir.com/sa-en/turtle-beach-headsets-643252.html,PC Gaming Headset & Speakers>Turtle Beach Stealth 500 Gaming Headset,Turtle Beach,Turtle Beach Stealth 500 Gaming Headset,Bluetooth/Wireless| USB (Charging)| Omnidirectional Microphone| Black,379,289,23%,90,,643252,031047
26,https://www.jarir.com/sa-en/corsair-hs35-v2-headsets-635002.html,PC Gaming Headset & Speakers>CORSAIR HS35 v2 Stereo Gaming Headset,CORSAIR,CORSAIR HS35 v2 Stereo Gaming Headset,Wired| 3.5 mm Connector| Omnidirectional Microphone| Carbon,239,149,37%,90,,635002,CA9011377EU
27,https://www.jarir.com/sa-en/logitech-headsets-586255.html,PC Gaming Headset & Speakers>Logitech G733 LIGHTSPEED Gaming Headset,Logitech,Logitech G733 LIGHTSPEED Gaming Headset,Wireless| USB| Detachable Microphone| Blue,449,359,20%,90,,586255,981000943
28,https://www.jarir.com/sa-en/corsair-hs55-stereo-headsets-595704.html,Sony PS5 Accessories>CORSAIR HS55 Stereo Gaming Headset,CORSAIR,CORSAIR HS55 Stereo Gaming Headset,Wired| 3.5 mm Connector| Rotating Microphone| Carbon,319,239,25%,80,,595704,CA9011260EU
29,https://www.jarir.com/sa-en/sony-inzone-h3-headsets-593252.html,Sony PS5 Accessories>Sony INZONE H3 Gaming Headset,Sony,Sony INZONE H3 Gaming Headset,Active Noise Cancelling| Wired| 3.5 mm Connector/USB| Unidirectional Microphone| White/Black,269,199,26%,70,,593252,MDRG300
30,https://www.jarir.com/sa-en/logitech-headsets-525737.html,PC Gaming Headset & Speakers>Logitech G332 Prodigy Gaming Headset,Logitech,Logitech G332 Prodigy Gaming Headset,Wired| 3.5 mm Connector| Cardioid - Unidirectional Microphone| Black,199,139,30%,60,,525737,981000757
31,https://www.jarir.com/sa-en/sony-inzone-h5-headsets-627915.html,Sony PS5 Accessories>Sony INZONE H5 Gaming Headset,Sony,Sony INZONE H5 Gaming Headset,Noise Reduction| Wireless/Wired (Optional)| USB (Charging)| Unidirectional Microphone| White,649,599,7%,50,,627915,WHG500W
32,https://www.jarir.com/sa-en/sony-inzone-h5-headsets-627914.html,Sony PS5 Accessories>Sony INZONE H5 Gaming Headset,Sony,Sony INZONE H5 Gaming Headset,Noise Reduction| Wireless/Wired (Optional)| USB (Charging)| Bidirectional Microphone| Black,649,599,7%,50,,627914,WHG500B
33,https://www.jarir.com/sa-en/turtle-beach-headsets-566562.html,Sony PS5 Accessories>Turtle Beach Ear Force Recon 70 Gaming Headset,Turtle Beach,Turtle Beach Ear Force Recon 70 Gaming Headset,Wired| 3.5 mm Connector| Omnidirectional Microphone| Arctic Camo,189,159,15%,30,,566562,062317
34,https://www.jarir.com/sa-en/turtle-beach-ear-force-headsets-548105.html,Sony PS5 Accessories>Turtle Beach Ear Force Recon 70 Gaming Headset,Turtle Beach,Turtle Beach Ear Force Recon 70 Gaming Headset,Wired| 3.5 mm Connector| Omnidirectional Microphone| Blue Camo,189,159,15%,30,,548105,065554
35,https://www.jarir.com/sa-en/turtle-beach-ear-force-headsets-548104.html,Sony PS5 Accessories>Turtle Beach Ear Force Recon 70 Gaming Headset,Turtle Beach,Turtle Beach Ear Force Recon 70 Gaming Headset,Wired| 3.5 mm Connector| Omnidirectional Microphone| Green Camo,189,159,15%,30,,548104,064557
36,https://www.jarir.com/sa-en/turtle-beach-recon-headsets-643246.html,PC Gaming Headset & Speakers>Turtle Beach Recon 70P Gaming Headset,Turtle Beach,Turtle Beach Recon 70P Gaming Headset,Wired| 3.5 mm Connector| Black,189,159,15%,30,,643246,030002
37,https://www.jarir.com/sa-en/razer-blackshark-v2-x-headsets-634480.html,PC Gaming Headset & Speakers>Razer BlackShark V2 X Gaming Headset,Razer,Razer BlackShark V2 X Gaming Headset,Passive Noise Isolation| Wired| 3.5 mm Connector| Bidirectional Microphone| Black,229,199,13%,30,,634480,403241000R3G1
38,https://www.jarir.com/sa-en/logitech-headsets-525748.html,PC Gaming Headset & Speakers>Logitech G935 7.1 Surround Gaming Headset,Logitech,Logitech G935 7.1 Surround Gaming Headset,Wireless| Cardioid - Unidirectional Microphone| Black,599,519,13%,80,,525748,981000744
39,https://www.jarir.com/sa-en/logitech-g433-7-1-surround-headsets-486790.html,Sony PS5 Accessories>Logitech G433 7.1 Surround Gaming Headset,Logitech,Logitech G433 7.1 Surround Gaming Headset,Wired| 3.5 mm Connector/USB| Detachable Microphone| Black,399,369,7%,30,,486790,981000668
40,https://www.jarir.com/sa-en/logitech-headsets-573338.html,Sony PS5 Accessories>Logitech G435 LIGHTSPEED Gaming Headset,Logitech,Logitech G435 LIGHTSPEED Gaming Headset,Wireless| USB (Charging)| Built-in Microphone| Black/Neon Yellow,359,349,2%,10,,573338,981001050
41,https://www.jarir.com/sa-en/astro-a10-mixamp-m60-headsets-486310.html,Xbox Accessories>Astro A10 + MixAmp M60 Gaming Headset,Astro,Astro A10 + MixAmp M60 Gaming Headset,Wired| 3.5 mm Connector/USB| Unidirectional Microphone| Black/Green,599,419,30%,180,,486310,939001528
42,https://www.jarir.com/sa-en/razer-kaira-x-headsets-626256.html,Xbox Accessories>Razer Kaira X Xbox Gaming Headset,Razer,Razer Kaira X Xbox Gaming Headset,Wired| 3.5 mm Connector| Bidirectional Microphone| White,299,179,40%,120,,626256,403970300R3M1
43,https://www.jarir.com/sa-en/logitech-g635-7-1-lightsync-headsets-525743.html,PC Gaming Headset & Speakers>Logitech G635 Lightsync 7.1 Surround Gaming Headset,Logitech,Logitech G635 Lightsync 7.1 Surround Gaming Headset,Noise Cancelling Microphone| Wired| USB| Cardioid - Unidirectional Microphone| Black,449,419,6%,30,,525743,981000750
44,https://www.jarir.com/sa-en/a40-tr-mixamp-m80-headsets-495514.html,Xbox Accessories>Astro A40 TR + MixAmp M80 Gaming Headset,Astro,Astro A40 TR + MixAmp M80 Gaming Headset,Wired| 3.5 mm Connector/USB| Unidirectional Microphone| Military Green,1089,799,26%,290,,495514,939001535
45,https://www.jarir.com/sa-en/astro-a40-headsets-528083.html,Sony PS5 Accessories>Astro A40 TR + MixAmp PRO TR Gaming Headset,Astro,Astro A40 TR + MixAmp PRO TR Gaming Headset,Wired| 3.5 mm Connector/USB| Unidirectional Microphone| Black,1319,999,24%,320,,528083,939001661
46,https://www.jarir.com/sa-en/logitech-headsets-586253.html,PC Gaming Headset & Speakers>Logitech G733 LIGHTSPEED Gaming Headset,Logitech,Logitech G733 LIGHTSPEED Gaming Headset,Wireless| USB| Detachable Microphone| Purple,599,449,25%,150,,586253,981000890
47,https://www.jarir.com/sa-en/razer-v3-x-headsets-591823.html,PC Gaming Headset & Speakers>Razer Kraken V3 X Gaming Headset,Razer,Razer Kraken V3 X Gaming Headset,Passive Noise Isolation| Wired| USB| Retractable/Unidirectional Microphone| Black,349,209,40%,140,,591823,403750100R3M1
48,https://www.jarir.com/sa-en/razer-kraken-headsets-591796.html,PC Gaming Headset & Speakers>Razer Kraken V3 Pro Chroma RGB Gaming Headset,Razer,Razer Kraken V3 Pro Chroma RGB Gaming Headset,Wireless/Wired (Optional)| USB (Charging)| Detachable Microphone| Black,899,585,34%,314,,591796,403460100R3M1
49,https://www.jarir.com/sa-en/razer-v3-headsets-591832.html,PC Gaming Headset & Speakers>Razer Kraken V3 Gaming Headset,Razer,Razer Kraken V3 Gaming Headset,Wired| USB| Detachable Microphone| Black,449,299,33%,150,,591832,403770200R3M1
50,https://www.jarir.com/sa-en/logitech-g335-headsets-588218.html,Sony PS5 Accessories>Logitech G335 Gaming Headset,Logitech,Logitech G335 Gaming Headset,Wired| 3.5 mm Connector| Rotating Cardioid Microphone| Mint,299,219,26%,80,,588218,981001024
51,https://www.jarir.com/sa-en/astro-a50-headsets-534790.html,Sony PS5 Accessories>Astro A50 + Gen 4 Gaming Headset,Astro,Astro A50 + Gen 4 Gaming Headset,Wireless/Wired (Optional)| 3.5 mm Connector/USB (Charging)| Unidirectional Microphone| Black,1449,1199,17%,250,,534790,939001676
52,https://www.jarir.com/sa-en/astro-a50-headsets-538509.html,Xbox Accessories>Astro A50 + Base Station Gen 4 Gaming Headset,Astro,Astro A50 + Base Station Gen 4 Gaming Headset,Wireless| USB (Charging)| Unidirectional Microphone| Black,1449,1169,19%,280,,538509,939001682
53,https://www.jarir.com/sa-en/razer-kaira-x-headsets-621996.html,Sony PS5 Accessories>Razer Kaira X PlayStation Licensed Gaming Headset,Razer,Razer Kaira X PlayStation Licensed Gaming Headset,Wired| 3.5 mm Connector| Bidirectional Microphone| White,299,175,41%,124,,621996,403970700R3G1
54,https://www.jarir.com/sa-en/logitech-headsets-567990.html,PC Gaming Headset & Speakers>Logitech G Pro Gaming Headset,Logitech,Logitech G Pro Gaming Headset,Wired| USB| Detachable Microphone| Black,489,299,38%,190,,567990,981000812
55,https://www.jarir.com/sa-en/steelseries-arctis-nova-pro-renewed-headsets-636736.html,PC Gaming Headset & Speakers>Renewed Grade B SteelSeries Arctis Nova Pro PlayStation 4,SteelSeries,Renewed Grade B SteelSeries Arctis Nova Pro PlayStation 4,PlayStation 5| PC| Switch Gaming Headset| Active Noise Cancelling| Bluetooth/Wireless| USB-C| Retractable Microphone|,1799,749,58%,1050,,636736,61520RB
56,https://www.jarir.com/sa-en/steelseries-arctis-nova-7p-renewed-headsets-638240.html,Sony PS5 Accessories>Renewed Grade B SteelSeries Arctis Nova 7P Gaming Headset,SteelSeries,Renewed Grade B SteelSeries Arctis Nova 7P Gaming Headset,Noise Cancelling Microphone| Bluetooth/Wireless| USB (Charging)| Retractable/Bidirectional Microphone| Black,959,399,58%,560,,638240,61559RB
57,https://www.jarir.com/sa-en/logitech-pro-x2-renewed-headsets-639843.html,Sony PS5 Accessories>Renewed Grade A Logitech PRO X 2 LIGHTSPEED Gaming Headset,Logitech,Renewed Grade A Logitech PRO X 2 LIGHTSPEED Gaming Headset,Wireless| USB| Detachable Microphone| Black,1159,599,48%,560,,639843,981001263RA
58,https://www.jarir.com/sa-en/corsair-hs55-7-1-surround-renewed-headsets-640563.html,PC Gaming Headset & Speakers>Renewed Grade B CORSAIR HS55 7.1 Surround Gaming Headset,CORSAIR,Renewed Grade B CORSAIR HS55 7.1 Surround Gaming Headset,Wireless| USB (Charging)| Rotating Microphone| Carbon,569,149,73%,420,,640563,CA9011280EURB
59,https://www.jarir.com/sa-en/logitech-g-pro-x-renewed-headsets-638225.html,PC Gaming Headset & Speakers>Renewed Grade B Logitech G Pro X Gaming Headset,Logitech,Renewed Grade B Logitech G Pro X Gaming Headset,Wired| USB| Detachable Microphone| Black,629,279,55%,350,,638225,981000818RB
60,https://www.jarir.com/sa-en/astro-a50-renewed-headsets-636434.html,Sony PS5 Accessories>Renewed Grade B Astro A50 + Gen 4 Gaming Headset,Astro,Renewed Grade B Astro A50 + Gen 4 Gaming Headset,Wireless/Wired (Optional)| 3.5 mm Connector/USB (Charging)| Unidirectional Microphone| Black,1199,849,29%,350,,636434,939001676RB
61,https://www.jarir.com/sa-en/logitech-g-pro-x-mouse-586256.html,Mouse & Accessories>Logitech G Pro X Superlight Gaming Mouse,Logitech,Logitech G Pro X Superlight Gaming Mouse,Wireless (2.4 GHz RF)| Optical| HERO 100-25600 dpi| Magenta Pink,599,339,43%,260,,586256,910005957
62,https://www.jarir.com/sa-en/corsair-m75-rgb-mouse-635052.html,Mouse & Accessories>CORSAIR M75 WIRELESS Lightweight RGB Gaming Mouse,CORSAIR,CORSAIR M75 WIRELESS Lightweight RGB Gaming Mouse,Bluetooth/Wireless (2.4 GHz RF)| Optical| MARKSMAN 26000 dpi| Black,649,415,36%,234,,635052,CH931D010AP
63,https://www.jarir.com/sa-en/logitech-pro-x-mouse-624038.html,Mouse & Accessories>Logitech G Pro X Superlight 2 Gaming Mouse,Logitech,Logitech G Pro X Superlight 2 Gaming Mouse,Wireless (2.4 GHz RF)| Optical| HERO 100-32000 dpi| Black,749,549,26%,200,,624038,910006631
64,https://www.jarir.com/sa-en/logitech-g-pro-x-mouse-624039.html,,Logitech,Logitech G Pro X Superlight 2 Gaming Mouse,Wireless (2.4 GHz RF)| Optical| HERO 100-32000 dpi| White,749,549,26%,200,,624039,910006639
65,https://www.jarir.com/sa-en/corsair-m75-rgb-mouse-635051.html,Mouse & Accessories>CORSAIR M75 Lightweight RGB Gaming Mouse,CORSAIR,CORSAIR M75 Lightweight RGB Gaming Mouse,Wired| Optical| MARKSMAN 26K| Black,449,269,40%,180,,635051,CH930D010AP
66,https://www.jarir.com/sa-en/glorious-mouse-543031.html,Mouse & Accessories>Glorious Model D Gaming Mouse,Glorious,Glorious Model D Gaming Mouse,Optical Pixart PMW 3360 12000 dpi| Wired| Glossy White,299,129,56%,170,,543031,352228
67,https://www.jarir.com/sa-en/glorious-mouse-543029.html,Mouse & Accessories>Glorious Model D Gaming Mouse,Glorious,Glorious Model D Gaming Mouse,Optical Pixart PMW 3360 12000 dpi| Wired| Glossy Black,299,129,56%,170,,543029,352211
68,https://www.jarir.com/sa-en/logitech-g-mouse-522031.html,,Logitech,Logitech G Pro Gaming Mouse,Optical HERO 100-16000 dpi| Wireless (2.4 GHz RF)| Black,439,319,27%,120,,522031,910005273
69,https://www.jarir.com/sa-en/logitech-g-g502-x-mouse-594136.html,Mouse & Accessories>Logitech G502 X Gaming Mouse,Logitech,Logitech G502 X Gaming Mouse,Optical HERO 100-25600 dpi| Wired| Black,359,249,30%,110,,594136,910006147
70,https://www.jarir.com/sa-en/logitech-g-g502-x-mouse-594135.html,Mouse & Accessories>Logitech G502 X Gaming Mouse,Logitech,Logitech G502 X Gaming Mouse,Optical HERO 100-25600 dpi| Wired| Black,359,249,30%,110,,594135,910006139
71,https://www.jarir.com/sa-en/logitech-g705-mouse-591923.html,Mouse & Accessories>Logitech G705 LIGHTSPEED Gaming Mouse,Logitech,Logitech G705 LIGHTSPEED Gaming Mouse,Optical 100-8200 dpi| Wireless (2.4 GHz RF)| White,399,289,27%,110,,591923,910006368
72,https://www.jarir.com/sa-en/logitech-g305-mouse-510392.html,Mouse & Accessories>Logitech G305 LIGHTSPEED Gaming Mouse,Logitech,Logitech G305 LIGHTSPEED Gaming Mouse,Optical 240-4000 dpi| Wireless (2.4 GHz RF)| Black,249,199,20%,50,,510392,910005283
73,https://www.jarir.com/sa-en/logitech-lightspeed-mouse-537075.html,Mouse & Accessories>Logitech G703 LIGHTSPEED Gaming Mouse,Logitech,Logitech G703 LIGHTSPEED Gaming Mouse,Optical HERO 100-16000 dpi| Wireless (2.4 GHz RF)| Black,499,299,40%,200,,537075,910005641
74,https://www.jarir.com/sa-en/logitech-mouse-565660.html,Mouse & Accessories>Logitech G Pro X Superlight Gaming Mouse,Logitech,Logitech G Pro X Superlight Gaming Mouse,Wireless (2.4 GHz RF)| Optical| HERO 100-25600 dpi| White,499,459,8%,40,,565660,910005943
75,https://www.jarir.com/sa-en/logitech-g903-lightspeed-mouse-536888.html,Mouse & Accessories>Logitech G903 LIGHTSPEED Gaming Mouse,Logitech,Logitech G903 LIGHTSPEED Gaming Mouse,Optical PAW 3366 200-1200 dpi| Wired/Wireless (2.4 GHz RF)| Black,499,429,14%,70,,536888,910005673
76,https://www.jarir.com/sa-en/marvo-g961-mouse-538173.html,Mouse & Accessories>MARVO Scorpion G961 Honey Comb Gaming Mouse,MARVO,MARVO Scorpion G961 Honey Comb Gaming Mouse,Optical Pixart 3389 16000 dpi| Wired| Black,129,99,23%,30,,538173,G961
77,https://www.jarir.com/sa-en/logitech-g303-shroud-mouse-574721.html,Mouse & Accessories>Logitech G303 Shroud Edition LIGHTSPEED Wireless Technology Gaming Mouse,Logitech,Logitech G303 Shroud Edition LIGHTSPEED Wireless Technology Gaming Mouse,Optical HERO 100-25000 dpi| Wireless| Black,549,349,36%,200,,574721,910006106
78,https://www.jarir.com/sa-en/logitech-mouse-565658.html,Mouse & Accessories>Logitech G Pro X Superlight Gaming Mouse,Logitech,Logitech G Pro X Superlight Gaming Mouse,Optical HERO 100-25600 dpi| Wireless (2.4 GHz RF)| Black,599,469,21%,130,,565658,910005881
79,https://www.jarir.com/sa-en/logitech-g403-mouse-537051.html,Mouse & Accessories>Logitech G403 Hero Gaming Mouse,Logitech,Logitech G403 Hero Gaming Mouse,Optical HERO 100-16000 dpi| Wired| Black,239,229,4%,10,,537051,910005633
80,https://www.jarir.com/sa-en/logitech-g-pro-x-mouse-602673.html,Mouse & Accessories>Logitech G Pro X SUPERLIGHT Gaming Mouse,Logitech,Logitech G Pro X SUPERLIGHT Gaming Mouse,Wireless (2.4 GHz RF)| Optical| HERO 100-25600 dpi| Red,499,449,10%,50,,602673,910006785
81,https://www.jarir.com/sa-en/razer-mouse-564444.html,Mouse & Accessories>Razer Viper 8KHz Gaming Mouse,Razer,Razer Viper 8KHz Gaming Mouse,Optical Focus+ 20000 dpi| Wired| Black,369,239,35%,130,,564444,103580100R3M1
82,https://www.jarir.com/sa-en/razer-deathadder-v2-mouse-543050.html,Mouse & Accessories>Razer DeathAdder V2 Gaming Mouse,Razer,Razer DeathAdder V2 Gaming Mouse,Optical Focus+ 20000 dpi| Wired| Black,329,205,37%,124,,543050,103210100R3M1
83,https://www.jarir.com/sa-en/logitech-g703-wireless-mouse-510399.html,Mouse & Accessories>Logitech G703 LIGHTSPEED Gaming Mouse,Logitech,Logitech G703 LIGHTSPEED Gaming Mouse,Optical 200-12000 dpi| Wireless (2.4 GHz RF)| Black,549,399,27%,150,,510399,910005094
84,https://www.jarir.com/sa-en/razer-ultimate-mouse-536702.html,Mouse & Accessories>Razer Viper Ultimate Gaming Mouse,Razer,Razer Viper Ultimate Gaming Mouse,Wireless| Optical| Focus+ 20000 dpi| Black,699,449,35%,250,,536702,103050100R3G1
85,https://www.jarir.com/sa-en/logitech-g915-keyboard-mouse-combo-565653.html,Keyboards & Accessories>Logitech G915 TKL LIGHTSPEED RGB Mechanical Gaming Keyboard,Logitech,Logitech G915 TKL LIGHTSPEED RGB Mechanical Gaming Keyboard,Bluetooth/Wireless (2.4 GHz RF)| for Devices with Windows/macOS| White,999,775,22%,224,,565653,920009664
86,https://www.jarir.com/sa-en/logitech-g513-keyboard-mouse-combo-510391.html,Keyboards & Accessories>Logitech G513 Carbon RGB Mechanical Gaming Keyboard,Logitech,Logitech G513 Carbon RGB Mechanical Gaming Keyboard,Wired| for Laptop/Desktop Computer/Gaming Desktop Computer/CPU Windows OS| Dark Silver,719,539,25%,180,,510391,920008934
87,https://www.jarir.com/sa-en/corsair-k70-core-keyboard-mouse-combo-635006.html,Keyboards & Accessories>CORSAIR K70 CORE RGB Mechanical Gaming Keyboard,CORSAIR,CORSAIR K70 CORE RGB Mechanical Gaming Keyboard,Wired| for PC/macOS/Xbox One/Xbox Series X/Xbox Series S/PlayStation 4/PlayStation 5| Black,479,329,31%,150,,635006,CH910971ENA
88,https://www.jarir.com/sa-en/logitech-keyboard-mouse-combo-567991.html,Keyboards & Accessories>Logitech G512 Carbon GX Blue (Clicky) Gaming Keyboard,Logitech,Logitech G512 Carbon GX Blue (Clicky) Gaming Keyboard,Wired| for Laptop/Desktop Computer/Gaming Desktop Computer/CPU Windows OS| Black,549,399,27%,150,,567991,920008946
89,https://www.jarir.com/sa-en/logitech-g413-keyboard-mouse-combo-614524.html,Keyboards & Accessories>Logitech G413 SE Arabic/English Gaming Keyboard,Logitech,Logitech G413 SE Arabic/English Gaming Keyboard,Wired| for Devices with Windows/macOS| Dark Silver,399,289,27%,110,,614524,920010806
90,https://www.jarir.com/sa-en/corsair-k55-keyboard-mouse-combo-635005.html,Keyboards & Accessories>CORSAIR K55 CORE RGB Gaming Membrane Keyboard,CORSAIR,CORSAIR K55 CORE RGB Gaming Membrane Keyboard,Wired| for Laptop/Desktop Computer/Gaming Desktop Computer/CPU Windows 7/8/10| Black,239,149,37%,90,,635005,CH9226C65NA
91,https://www.jarir.com/sa-en/razer-keyboard-mouse-combo-564446.html,Keyboards & Accessories>Razer BlackWidow V3 Green Switch US-Layout Gaming Keyboard,Razer,Razer BlackWidow V3 Green Switch US-Layout Gaming Keyboard,Wired| for Apple Laptop/Desktop Computer/Gaming Desktop Computer/CPU/Gaming CPU| Black,649,425,34%,224,,564446,303540100R3M1
92,https://www.jarir.com/sa-en/logitech-g513-keyboard-mouse-combo-510390.html,Keyboards & Accessories>Logitech G513 Carbon Lightsync RGB Mechanical Gaming Keyboard,Logitech,Logitech G513 Carbon Lightsync RGB Mechanical Gaming Keyboard,Wired| for Laptop/Desktop Computer/Gaming Desktop Computer/CPU Windows OS| Dark Silver,629,559,11%,70,,510390,920008869
93,https://www.jarir.com/sa-en/logitech-g915-lightspeed-keyboard-mouse-combo-536892.html,Keyboards & Accessories>Logitech G915 LIGHTSPEED RGB Mechanical Gaming Keyboard,Logitech,Logitech G915 LIGHTSPEED RGB Mechanical Gaming Keyboard,Bluetooth/Wireless (2.4 GHz RF)| for Devices with Windows/macOS| Black,999,769,23%,230,,536892,920009111
94,https://www.jarir.com/sa-en/logitech-g815-keyboard-mouse-combo-536907.html,Keyboards & Accessories>Logitech G815 Lightsync RGB Mechanical Gaming Keyboard,Logitech,Logitech G815 Lightsync RGB Mechanical Gaming Keyboard,Wired| for Devices with Windows/macOS| Black,899,599,33%,300,,536907,920009095
95,https://www.jarir.com/sa-en/razer-huntsman-elite-us-layout-keyboard-mouse-combo-533113.html,Keyboards & Accessories>Razer Huntsman Elite (US) Gaming Keyboard,Razer,Razer Huntsman Elite (US) Gaming Keyboard,Wired| for Laptop/Desktop Computer/Gaming Desktop Computer/CPU Windows OS| Black,899,685,23%,214,,533113,301870100R3M1
96,https://www.jarir.com/sa-en/razer-v3-keyboard-mouse-combo-577053.html,Keyboards & Accessories>Razer BlackWidow V3 Mini Hyperspeed Green Mechanical Switch (US Layout) Gaming Keyboard,Razer,Razer BlackWidow V3 Mini Hyperspeed Green Mechanical Switch (US Layout) Gaming Keyboard,Wireless| for Laptop/Desktop Computer/Gaming Desktop Computer/CPU Windows OS| Black,749,529,29%,220,,577053,303891400R3M1
97,https://www.jarir.com/sa-en/razer-blackwidow-v4-x-keyboard-mouse-combo-626254.html,Keyboards & Accessories>Razer BlackWidow V4 X Green Switch Chroma RGB Gaming Mechanical Keyboard,Razer,Razer BlackWidow V4 X Green Switch Chroma RGB Gaming Mechanical Keyboard,Wired| for Apple Laptop/Desktop Computer/Gaming Desktop Computer/CPU/Gaming CPU| Black,619,385,37%,234,,626254,304703500R391
98,https://www.jarir.com/sa-en/logitech-g915-keyboard-mouse-combo-550132.html,Keyboards & Accessories>Logitech G915 TKL LIGHTSPEED RGB Mechanical Gaming Keyboard,Logitech,Logitech G915 TKL LIGHTSPEED RGB Mechanical Gaming Keyboard,Bluetooth/Wireless (2.4 GHz RF)| for Devices with Windows/macOS| Carbon Black,999,699,30%,300,,550132,920009503
99,https://www.jarir.com/sa-en/hp-970-programmable-keyboard-mouse-combo-576225.html,Keyboards & Accessories>HP 970 Programmable Wireless Keyboard,HP,HP 970 Programmable Wireless Keyboard,Bluetooth/Wireless (2.4 GHz RF)| for Laptop/Desktop Computer/Gaming Desktop Computer/CPU Windows OS| White,499,359,28%,140,,576225,3Z729AAABV
100,https://www.jarir.com/sa-en/logitech-mx-keys-s-keyboard-mouse-combo-619741.html,Keyboards & Accessories>Logitech MX Keys S Keyboard,Logitech,Logitech MX Keys S Keyboard,Bluetooth/Wireless (2.4 GHz RF)| for iPadOS 14 or Later/Windows 10 or Later/Android 8 or Later/ChromeOS| Graphite,549,419,23%,130,,619741,920011595
